{
    "n_clus": 3,
    "n_dim": 3,
    "popp": [
        14271,
        13755,
        12055
    ],
    "s_scores": [
        "0.5092629251179778",
        "0.5547481171534596",
        "0.3872146802137811",
        "0.42337068602974376",
        "0.37761144718482115",
        "0.31472507637533775",
        "0.3583493638451006",
        "0.35402204771041884",
        "0.36016504015889456",
        "0.3536044833791947"
    ],
    "flexibility": 11
}